-- MySQL dump 10.13  Distrib 5.7.21, for Win64 (x86_64)
--
-- Host: localhost    Database: tess
-- ------------------------------------------------------
-- Server version	5.7.21-log

/*!40101 SET @OLD_CHARACTER_SET_CLIENT=@@CHARACTER_SET_CLIENT */;
/*!40101 SET @OLD_CHARACTER_SET_RESULTS=@@CHARACTER_SET_RESULTS */;
/*!40101 SET @OLD_COLLATION_CONNECTION=@@COLLATION_CONNECTION */;
/*!40101 SET NAMES utf8 */;
/*!40103 SET @OLD_TIME_ZONE=@@TIME_ZONE */;
/*!40103 SET TIME_ZONE='+00:00' */;
/*!40014 SET @OLD_UNIQUE_CHECKS=@@UNIQUE_CHECKS, UNIQUE_CHECKS=0 */;
/*!40014 SET @OLD_FOREIGN_KEY_CHECKS=@@FOREIGN_KEY_CHECKS, FOREIGN_KEY_CHECKS=0 */;
/*!40101 SET @OLD_SQL_MODE=@@SQL_MODE, SQL_MODE='NO_AUTO_VALUE_ON_ZERO' */;
/*!40111 SET @OLD_SQL_NOTES=@@SQL_NOTES, SQL_NOTES=0 */;

--
-- Table structure for table `course`
--

DROP TABLE IF EXISTS `course`;
/*!40101 SET @saved_cs_client     = @@character_set_client */;
/*!40101 SET character_set_client = utf8 */;
CREATE TABLE `course` (
  `id` int(11) NOT NULL AUTO_INCREMENT,
  `title` varchar(128) DEFAULT NULL,
  `instructor_id` int(11) DEFAULT NULL,
  PRIMARY KEY (`id`),
  UNIQUE KEY `TITLE_UNIQUE` (`title`),
  KEY `FK_INSTRUCTOR_idx` (`instructor_id`),
  CONSTRAINT `FK_INSTRUCTOR` FOREIGN KEY (`instructor_id`) REFERENCES `instructor` (`id`) ON DELETE NO ACTION ON UPDATE NO ACTION
) ENGINE=InnoDB AUTO_INCREMENT=19 DEFAULT CHARSET=latin1;
/*!40101 SET character_set_client = @saved_cs_client */;

--
-- Dumping data for table `course`
--

LOCK TABLES `course` WRITE;
/*!40000 ALTER TABLE `course` DISABLE KEYS */;
INSERT INTO `course` VALUES (10,'History',2),(11,'Math',1),(12,'Informatics',1),(13,'Biology',1),(14,'Anthropology',2),(15,'Bionics',1),(16,'Psyhology',1),(18,'Piano',1);
/*!40000 ALTER TABLE `course` ENABLE KEYS */;
UNLOCK TABLES;

--
-- Table structure for table `course_students`
--

DROP TABLE IF EXISTS `course_students`;
/*!40101 SET @saved_cs_client     = @@character_set_client */;
/*!40101 SET character_set_client = utf8 */;
CREATE TABLE `course_students` (
  `course_id` int(11) NOT NULL,
  `student_id` int(11) NOT NULL,
  PRIMARY KEY (`course_id`,`student_id`)
) ENGINE=InnoDB DEFAULT CHARSET=utf8;
/*!40101 SET character_set_client = @saved_cs_client */;

--
-- Dumping data for table `course_students`
--

LOCK TABLES `course_students` WRITE;
/*!40000 ALTER TABLE `course_students` DISABLE KEYS */;
INSERT INTO `course_students` VALUES (10,1),(10,2),(11,2),(12,3),(13,1),(13,3),(13,5),(14,3),(15,1),(15,4),(16,1),(16,2),(16,4),(18,3),(18,4);
/*!40000 ALTER TABLE `course_students` ENABLE KEYS */;
UNLOCK TABLES;

--
-- Table structure for table `instructor`
--

DROP TABLE IF EXISTS `instructor`;
/*!40101 SET @saved_cs_client     = @@character_set_client */;
/*!40101 SET character_set_client = utf8 */;
CREATE TABLE `instructor` (
  `id` int(11) NOT NULL AUTO_INCREMENT,
  `first_name` varchar(45) DEFAULT NULL,
  `last_name` varchar(45) DEFAULT NULL,
  `email` varchar(45) DEFAULT NULL,
  `instructor_detail_id` int(11) DEFAULT NULL,
  PRIMARY KEY (`id`),
  KEY `FK_DETAIL_idx` (`instructor_detail_id`),
  CONSTRAINT `FK_DETAIL` FOREIGN KEY (`instructor_detail_id`) REFERENCES `instructor_detail` (`id`) ON DELETE NO ACTION ON UPDATE NO ACTION
) ENGINE=InnoDB AUTO_INCREMENT=3 DEFAULT CHARSET=latin1;
/*!40101 SET character_set_client = @saved_cs_client */;

--
-- Dumping data for table `instructor`
--

LOCK TABLES `instructor` WRITE;
/*!40000 ALTER TABLE `instructor` DISABLE KEYS */;
INSERT INTO `instructor` VALUES (1,'Steve','Blackman','Steve@school.com',2),(2,'Jorge','Helix','helix@school.com',1);
/*!40000 ALTER TABLE `instructor` ENABLE KEYS */;
UNLOCK TABLES;

--
-- Table structure for table `instructor_detail`
--

DROP TABLE IF EXISTS `instructor_detail`;
/*!40101 SET @saved_cs_client     = @@character_set_client */;
/*!40101 SET character_set_client = utf8 */;
CREATE TABLE `instructor_detail` (
  `id` int(11) NOT NULL AUTO_INCREMENT,
  `youtube_channel` varchar(128) DEFAULT NULL,
  `hobby` varchar(45) DEFAULT NULL,
  PRIMARY KEY (`id`)
) ENGINE=InnoDB AUTO_INCREMENT=3 DEFAULT CHARSET=latin1;
/*!40101 SET character_set_client = @saved_cs_client */;

--
-- Dumping data for table `instructor_detail`
--

LOCK TABLES `instructor_detail` WRITE;
/*!40000 ALTER TABLE `instructor_detail` DISABLE KEYS */;
INSERT INTO `instructor_detail` VALUES (1,'mammlasToYou','reading'),(2,'KrakenSchool','gaming');
/*!40000 ALTER TABLE `instructor_detail` ENABLE KEYS */;
UNLOCK TABLES;

--
-- Table structure for table `review`
--

DROP TABLE IF EXISTS `review`;
/*!40101 SET @saved_cs_client     = @@character_set_client */;
/*!40101 SET character_set_client = utf8 */;
CREATE TABLE `review` (
  `id` int(11) NOT NULL AUTO_INCREMENT,
  `comment` varchar(256) DEFAULT NULL,
  `course_id` int(11) DEFAULT NULL,
  PRIMARY KEY (`id`)
) ENGINE=InnoDB AUTO_INCREMENT=16 DEFAULT CHARSET=utf8;
/*!40101 SET character_set_client = @saved_cs_client */;

--
-- Dumping data for table `review`
--

LOCK TABLES `review` WRITE;
/*!40000 ALTER TABLE `review` DISABLE KEYS */;
INSERT INTO `review` VALUES (1,'Great course!',11),(2,'Wow awesome!',18),(3,'Good enough',10),(4,'So-so',14),(5,'Premium quality',12),(6,'Excellent teacher',18),(7,'Simple to understand',11),(8,'Marvelous!!',13),(9,'Great teacher',15),(10,'Good',12),(11,'Too much history',16),(12,'Master piece ',13),(13,'Way to hard',14),(14,'A lot of information!',16),(15,'Great course!',16);
/*!40000 ALTER TABLE `review` ENABLE KEYS */;
UNLOCK TABLES;

--
-- Table structure for table `students`
--

DROP TABLE IF EXISTS `students`;
/*!40101 SET @saved_cs_client     = @@character_set_client */;
/*!40101 SET character_set_client = utf8 */;
CREATE TABLE `students` (
  `id` int(11) NOT NULL AUTO_INCREMENT,
  `first_name` varchar(100) DEFAULT NULL,
  `last_name` varchar(100) DEFAULT NULL,
  `email` varchar(100) DEFAULT NULL,
  PRIMARY KEY (`id`)
) ENGINE=InnoDB AUTO_INCREMENT=6 DEFAULT CHARSET=utf8;
/*!40101 SET character_set_client = @saved_cs_client */;

--
-- Dumping data for table `students`
--

LOCK TABLES `students` WRITE;
/*!40000 ALTER TABLE `students` DISABLE KEYS */;
INSERT INTO `students` VALUES (1,'Steve','Rocks','rocks@mail.com'),(2,'John','Klein','klein@mail.com'),(3,'Bob','Anderson','bob@mail.com'),(4,'Helix','Newman','helix@mail.com'),(5,'Oren','Frein','frein@mail.com');
/*!40000 ALTER TABLE `students` ENABLE KEYS */;
UNLOCK TABLES;
/*!40103 SET TIME_ZONE=@OLD_TIME_ZONE */;

/*!40101 SET SQL_MODE=@OLD_SQL_MODE */;
/*!40014 SET FOREIGN_KEY_CHECKS=@OLD_FOREIGN_KEY_CHECKS */;
/*!40014 SET UNIQUE_CHECKS=@OLD_UNIQUE_CHECKS */;
/*!40101 SET CHARACTER_SET_CLIENT=@OLD_CHARACTER_SET_CLIENT */;
/*!40101 SET CHARACTER_SET_RESULTS=@OLD_CHARACTER_SET_RESULTS */;
/*!40101 SET COLLATION_CONNECTION=@OLD_COLLATION_CONNECTION */;
/*!40111 SET SQL_NOTES=@OLD_SQL_NOTES */;

-- Dump completed on 2018-02-20 18:42:05
